state,lga,chairman_name,email,assumed_office,term_end,notes
abiatest,testlga,Test Chairman,fakinwuntan@gmail.com,2021,2024,To be updated
Abia,LGA 2,Placeholder_Chairman_Abia_2,,2021,2024,To be updated
Abia,LGA 3,Placeholder_Chairman_Abia_3,,2021,2024,To be updated
Abia,LGA 4,Placeholder_Chairman_Abia_4,,2021,2024,To be updated
Abia,LGA 5,Placeholder_Chairman_Abia_5,,2021,2024,To be updated
Abia,LGA 6,Placeholder_Chairman_Abia_6,,2021,2024,To be updated
Abia,LGA 7,Placeholder_Chairman_Abia_7,,2021,2024,To be updated
Abia,LGA 8,Placeholder_Chairman_Abia_8,,2021,2024,To be updated
Abia,LGA 9,Placeholder_Chairman_Abia_9,,2021,2024,To be updated
Abia,LGA 10,Placeholder_Chairman_Abia_10,,2021,2024,To be updated
Abia,LGA 11,Placeholder_Chairman_Abia_11,,2021,2024,To be updated
Abia,LGA 12,Placeholder_Chairman_Abia_12,,2021,2024,To be updated
Abia,LGA 13,Placeholder_Chairman_Abia_13,,2021,2024,To be updated
Abia,LGA 14,Placeholder_Chairman_Abia_14,,2021,2024,To be updated
Abia,LGA 15,Placeholder_Chairman_Abia_15,,2021,2024,To be updated
Abia,LGA 16,Placeholder_Chairman_Abia_16,,2021,2024,To be updated
Abia,LGA 17,Placeholder_Chairman_Abia_17,,2021,2024,To be updated
Adamawa,LGA 1,Placeholder_Chairman_Adamawa_1,,2021,2024,To be updated
Adamawa,LGA 2,Placeholder_Chairman_Adamawa_2,,2021,2024,To be updated
Adamawa,LGA 3,Placeholder_Chairman_Adamawa_3,,2021,2024,To be updated
Adamawa,LGA 4,Placeholder_Chairman_Adamawa_4,,2021,2024,To be updated
Adamawa,LGA 5,Placeholder_Chairman_Adamawa_5,,2021,2024,To be updated
Adamawa,LGA 6,Placeholder_Chairman_Adamawa_6,,2021,2024,To be updated
Adamawa,LGA 7,Placeholder_Chairman_Adamawa_7,,2021,2024,To be updated
Adamawa,LGA 8,Placeholder_Chairman_Adamawa_8,,2021,2024,To be updated
Adamawa,LGA 9,Placeholder_Chairman_Adamawa_9,,2021,2024,To be updated
Adamawa,LGA 10,Placeholder_Chairman_Adamawa_10,,2021,2024,To be updated
Adamawa,LGA 11,Placeholder_Chairman_Adamawa_11,,2021,2024,To be updated
Adamawa,LGA 12,Placeholder_Chairman_Adamawa_12,,2021,2024,To be updated
Adamawa,LGA 13,Placeholder_Chairman_Adamawa_13,,2021,2024,To be updated
Adamawa,LGA 14,Placeholder_Chairman_Adamawa_14,,2021,2024,To be updated
Adamawa,LGA 15,Placeholder_Chairman_Adamawa_15,,2021,2024,To be updated
Adamawa,LGA 16,Placeholder_Chairman_Adamawa_16,,2021,2024,To be updated
Adamawa,LGA 17,Placeholder_Chairman_Adamawa_17,,2021,2024,To be updated
Adamawa,LGA 18,Placeholder_Chairman_Adamawa_18,,2021,2024,To be updated
Adamawa,LGA 19,Placeholder_Chairman_Adamawa_19,,2021,2024,To be updated
Adamawa,LGA 20,Placeholder_Chairman_Adamawa_20,,2021,2024,To be updated
Adamawa,LGA 21,Placeholder_Chairman_Adamawa_21,,2021,2024,To be updated
Akwa Ibom,LGA 1,Placeholder_Chairman_Akwa Ibom_1,,2021,2024,To be updated
Akwa Ibom,LGA 2,Placeholder_Chairman_Akwa Ibom_2,,2021,2024,To be updated
Akwa Ibom,LGA 3,Placeholder_Chairman_Akwa Ibom_3,,2021,2024,To be updated
Akwa Ibom,LGA 4,Placeholder_Chairman_Akwa Ibom_4,,2021,2024,To be updated
Akwa Ibom,LGA 5,Placeholder_Chairman_Akwa Ibom_5,,2021,2024,To be updated
Akwa Ibom,LGA 6,Placeholder_Chairman_Akwa Ibom_6,,2021,2024,To be updated
Akwa Ibom,LGA 7,Placeholder_Chairman_Akwa Ibom_7,,2021,2024,To be updated
Akwa Ibom,LGA 8,Placeholder_Chairman_Akwa Ibom_8,,2021,2024,To be updated
Akwa Ibom,LGA 9,Placeholder_Chairman_Akwa Ibom_9,,2021,2024,To be updated
Akwa Ibom,LGA 10,Placeholder_Chairman_Akwa Ibom_10,,2021,2024,To be updated
Akwa Ibom,LGA 11,Placeholder_Chairman_Akwa Ibom_11,,2021,2024,To be updated
Akwa Ibom,LGA 12,Placeholder_Chairman_Akwa Ibom_12,,2021,2024,To be updated
Akwa Ibom,LGA 13,Placeholder_Chairman_Akwa Ibom_13,,2021,2024,To be updated
Akwa Ibom,LGA 14,Placeholder_Chairman_Akwa Ibom_14,,2021,2024,To be updated
Akwa Ibom,LGA 15,Placeholder_Chairman_Akwa Ibom_15,,2021,2024,To be updated
Akwa Ibom,LGA 16,Placeholder_Chairman_Akwa Ibom_16,,2021,2024,To be updated
Akwa Ibom,LGA 17,Placeholder_Chairman_Akwa Ibom_17,,2021,2024,To be updated
Akwa Ibom,LGA 18,Placeholder_Chairman_Akwa Ibom_18,,2021,2024,To be updated
Akwa Ibom,LGA 19,Placeholder_Chairman_Akwa Ibom_19,,2021,2024,To be updated
Akwa Ibom,LGA 20,Placeholder_Chairman_Akwa Ibom_20,,2021,2024,To be updated
Akwa Ibom,LGA 21,Placeholder_Chairman_Akwa Ibom_21,,2021,2024,To be updated
Akwa Ibom,LGA 22,Placeholder_Chairman_Akwa Ibom_22,,2021,2024,To be updated
Akwa Ibom,LGA 23,Placeholder_Chairman_Akwa Ibom_23,,2021,2024,To be updated
Akwa Ibom,LGA 24,Placeholder_Chairman_Akwa Ibom_24,,2021,2024,To be updated
Akwa Ibom,LGA 25,Placeholder_Chairman_Akwa Ibom_25,,2021,2024,To be updated
Akwa Ibom,LGA 26,Placeholder_Chairman_Akwa Ibom_26,,2021,2024,To be updated
Akwa Ibom,LGA 27,Placeholder_Chairman_Akwa Ibom_27,,2021,2024,To be updated
Akwa Ibom,LGA 28,Placeholder_Chairman_Akwa Ibom_28,,2021,2024,To be updated
Akwa Ibom,LGA 29,Placeholder_Chairman_Akwa Ibom_29,,2021,2024,To be updated
Akwa Ibom,LGA 30,Placeholder_Chairman_Akwa Ibom_30,,2021,2024,To be updated
Akwa Ibom,LGA 31,Placeholder_Chairman_Akwa Ibom_31,,2021,2024,To be updated
Anambra,LGA 1,Placeholder_Chairman_Anambra_1,,2021,2024,To be updated
Anambra,LGA 2,Placeholder_Chairman_Anambra_2,,2021,2024,To be updated
Anambra,LGA 3,Placeholder_Chairman_Anambra_3,,2021,2024,To be updated
Anambra,LGA 4,Placeholder_Chairman_Anambra_4,,2021,2024,To be updated
Anambra,LGA 5,Placeholder_Chairman_Anambra_5,,2021,2024,To be updated
Anambra,LGA 6,Placeholder_Chairman_Anambra_6,,2021,2024,To be updated
Anambra,LGA 7,Placeholder_Chairman_Anambra_7,,2021,2024,To be updated
Anambra,LGA 8,Placeholder_Chairman_Anambra_8,,2021,2024,To be updated
Anambra,LGA 9,Placeholder_Chairman_Anambra_9,,2021,2024,To be updated
Anambra,LGA 10,Placeholder_Chairman_Anambra_10,,2021,2024,To be updated
Anambra,LGA 11,Placeholder_Chairman_Anambra_11,,2021,2024,To be updated
Anambra,LGA 12,Placeholder_Chairman_Anambra_12,,2021,2024,To be updated
Anambra,LGA 13,Placeholder_Chairman_Anambra_13,,2021,2024,To be updated
Anambra,LGA 14,Placeholder_Chairman_Anambra_14,,2021,2024,To be updated
Anambra,LGA 15,Placeholder_Chairman_Anambra_15,,2021,2024,To be updated
Anambra,LGA 16,Placeholder_Chairman_Anambra_16,,2021,2024,To be updated
Anambra,LGA 17,Placeholder_Chairman_Anambra_17,,2021,2024,To be updated
Anambra,LGA 18,Placeholder_Chairman_Anambra_18,,2021,2024,To be updated
Anambra,LGA 19,Placeholder_Chairman_Anambra_19,,2021,2024,To be updated
Anambra,LGA 20,Placeholder_Chairman_Anambra_20,,2021,2024,To be updated
Anambra,LGA 21,Placeholder_Chairman_Anambra_21,,2021,2024,To be updated
Bauchi,LGA 1,Placeholder_Chairman_Bauchi_1,,2021,2024,To be updated
Bauchi,LGA 2,Placeholder_Chairman_Bauchi_2,,2021,2024,To be updated
Bauchi,LGA 3,Placeholder_Chairman_Bauchi_3,,2021,2024,To be updated
Bauchi,LGA 4,Placeholder_Chairman_Bauchi_4,,2021,2024,To be updated
Bauchi,LGA 5,Placeholder_Chairman_Bauchi_5,,2021,2024,To be updated
Bauchi,LGA 6,Placeholder_Chairman_Bauchi_6,,2021,2024,To be updated
Bauchi,LGA 7,Placeholder_Chairman_Bauchi_7,,2021,2024,To be updated
Bauchi,LGA 8,Placeholder_Chairman_Bauchi_8,,2021,2024,To be updated
Bauchi,LGA 9,Placeholder_Chairman_Bauchi_9,,2021,2024,To be updated
Bauchi,LGA 10,Placeholder_Chairman_Bauchi_10,,2021,2024,To be updated
Bauchi,LGA 11,Placeholder_Chairman_Bauchi_11,,2021,2024,To be updated
Bauchi,LGA 12,Placeholder_Chairman_Bauchi_12,,2021,2024,To be updated
Bauchi,LGA 13,Placeholder_Chairman_Bauchi_13,,2021,2024,To be updated
Bauchi,LGA 14,Placeholder_Chairman_Bauchi_14,,2021,2024,To be updated
Bauchi,LGA 15,Placeholder_Chairman_Bauchi_15,,2021,2024,To be updated
Bauchi,LGA 16,Placeholder_Chairman_Bauchi_16,,2021,2024,To be updated
Bauchi,LGA 17,Placeholder_Chairman_Bauchi_17,,2021,2024,To be updated
Bauchi,LGA 18,Placeholder_Chairman_Bauchi_18,,2021,2024,To be updated
Bauchi,LGA 19,Placeholder_Chairman_Bauchi_19,,2021,2024,To be updated
Bauchi,LGA 20,Placeholder_Chairman_Bauchi_20,,2021,2024,To be updated
Bayelsa,LGA 1,Placeholder_Chairman_Bayelsa_1,,2021,2024,To be updated
Bayelsa,LGA 2,Placeholder_Chairman_Bayelsa_2,,2021,2024,To be updated
Bayelsa,LGA 3,Placeholder_Chairman_Bayelsa_3,,2021,2024,To be updated
Bayelsa,LGA 4,Placeholder_Chairman_Bayelsa_4,,2021,2024,To be updated
Bayelsa,LGA 5,Placeholder_Chairman_Bayelsa_5,,2021,2024,To be updated
Bayelsa,LGA 6,Placeholder_Chairman_Bayelsa_6,,2021,2024,To be updated
Bayelsa,LGA 7,Placeholder_Chairman_Bayelsa_7,,2021,2024,To be updated
Bayelsa,LGA 8,Placeholder_Chairman_Bayelsa_8,,2021,2024,To be updated
Benue,LGA 1,Placeholder_Chairman_Benue_1,,2021,2024,To be updated
Benue,LGA 2,Placeholder_Chairman_Benue_2,,2021,2024,To be updated
Benue,LGA 3,Placeholder_Chairman_Benue_3,,2021,2024,To be updated
Benue,LGA 4,Placeholder_Chairman_Benue_4,,2021,2024,To be updated
Benue,LGA 5,Placeholder_Chairman_Benue_5,,2021,2024,To be updated
Benue,LGA 6,Placeholder_Chairman_Benue_6,,2021,2024,To be updated
Benue,LGA 7,Placeholder_Chairman_Benue_7,,2021,2024,To be updated
Benue,LGA 8,Placeholder_Chairman_Benue_8,,2021,2024,To be updated
Benue,LGA 9,Placeholder_Chairman_Benue_9,,2021,2024,To be updated
Benue,LGA 10,Placeholder_Chairman_Benue_10,,2021,2024,To be updated
Benue,LGA 11,Placeholder_Chairman_Benue_11,,2021,2024,To be updated
Benue,LGA 12,Placeholder_Chairman_Benue_12,,2021,2024,To be updated
Benue,LGA 13,Placeholder_Chairman_Benue_13,,2021,2024,To be updated
Benue,LGA 14,Placeholder_Chairman_Benue_14,,2021,2024,To be updated
Benue,LGA 15,Placeholder_Chairman_Benue_15,,2021,2024,To be updated
Benue,LGA 16,Placeholder_Chairman_Benue_16,,2021,2024,To be updated
Benue,LGA 17,Placeholder_Chairman_Benue_17,,2021,2024,To be updated
Benue,LGA 18,Placeholder_Chairman_Benue_18,,2021,2024,To be updated
Benue,LGA 19,Placeholder_Chairman_Benue_19,,2021,2024,To be updated
Benue,LGA 20,Placeholder_Chairman_Benue_20,,2021,2024,To be updated
Benue,LGA 21,Placeholder_Chairman_Benue_21,,2021,2024,To be updated
Benue,LGA 22,Placeholder_Chairman_Benue_22,,2021,2024,To be updated
Benue,LGA 23,Placeholder_Chairman_Benue_23,,2021,2024,To be updated
Borno,LGA 1,Placeholder_Chairman_Borno_1,,2021,2024,To be updated
Borno,LGA 2,Placeholder_Chairman_Borno_2,,2021,2024,To be updated
Borno,LGA 3,Placeholder_Chairman_Borno_3,,2021,2024,To be updated
Borno,LGA 4,Placeholder_Chairman_Borno_4,,2021,2024,To be updated
Borno,LGA 5,Placeholder_Chairman_Borno_5,,2021,2024,To be updated
Borno,LGA 6,Placeholder_Chairman_Borno_6,,2021,2024,To be updated
Borno,LGA 7,Placeholder_Chairman_Borno_7,,2021,2024,To be updated
Borno,LGA 8,Placeholder_Chairman_Borno_8,,2021,2024,To be updated
Borno,LGA 9,Placeholder_Chairman_Borno_9,,2021,2024,To be updated
Borno,LGA 10,Placeholder_Chairman_Borno_10,,2021,2024,To be updated
Borno,LGA 11,Placeholder_Chairman_Borno_11,,2021,2024,To be updated
Borno,LGA 12,Placeholder_Chairman_Borno_12,,2021,2024,To be updated
Borno,LGA 13,Placeholder_Chairman_Borno_13,,2021,2024,To be updated
Borno,LGA 14,Placeholder_Chairman_Borno_14,,2021,2024,To be updated
Borno,LGA 15,Placeholder_Chairman_Borno_15,,2021,2024,To be updated
Borno,LGA 16,Placeholder_Chairman_Borno_16,,2021,2024,To be updated
Borno,LGA 17,Placeholder_Chairman_Borno_17,,2021,2024,To be updated
Borno,LGA 18,Placeholder_Chairman_Borno_18,,2021,2024,To be updated
Borno,LGA 19,Placeholder_Chairman_Borno_19,,2021,2024,To be updated
Borno,LGA 20,Placeholder_Chairman_Borno_20,,2021,2024,To be updated
Borno,LGA 21,Placeholder_Chairman_Borno_21,,2021,2024,To be updated
Borno,LGA 22,Placeholder_Chairman_Borno_22,,2021,2024,To be updated
Borno,LGA 23,Placeholder_Chairman_Borno_23,,2021,2024,To be updated
Borno,LGA 24,Placeholder_Chairman_Borno_24,,2021,2024,To be updated
Borno,LGA 25,Placeholder_Chairman_Borno_25,,2021,2024,To be updated
Borno,LGA 26,Placeholder_Chairman_Borno_26,,2021,2024,To be updated
Borno,LGA 27,Placeholder_Chairman_Borno_27,,2021,2024,To be updated
Cross River,LGA 1,Placeholder_Chairman_Cross River_1,,2021,2024,To be updated
Cross River,LGA 2,Placeholder_Chairman_Cross River_2,,2021,2024,To be updated
Cross River,LGA 3,Placeholder_Chairman_Cross River_3,,2021,2024,To be updated
Cross River,LGA 4,Placeholder_Chairman_Cross River_4,,2021,2024,To be updated
Cross River,LGA 5,Placeholder_Chairman_Cross River_5,,2021,2024,To be updated
Cross River,LGA 6,Placeholder_Chairman_Cross River_6,,2021,2024,To be updated
Cross River,LGA 7,Placeholder_Chairman_Cross River_7,,2021,2024,To be updated
Cross River,LGA 8,Placeholder_Chairman_Cross River_8,,2021,2024,To be updated
Cross River,LGA 9,Placeholder_Chairman_Cross River_9,,2021,2024,To be updated
Cross River,LGA 10,Placeholder_Chairman_Cross River_10,,2021,2024,To be updated
Cross River,LGA 11,Placeholder_Chairman_Cross River_11,,2021,2024,To be updated
Cross River,LGA 12,Placeholder_Chairman_Cross River_12,,2021,2024,To be updated
Cross River,LGA 13,Placeholder_Chairman_Cross River_13,,2021,2024,To be updated
Cross River,LGA 14,Placeholder_Chairman_Cross River_14,,2021,2024,To be updated
Cross River,LGA 15,Placeholder_Chairman_Cross River_15,,2021,2024,To be updated
Cross River,LGA 16,Placeholder_Chairman_Cross River_16,,2021,2024,To be updated
Cross River,LGA 17,Placeholder_Chairman_Cross River_17,,2021,2024,To be updated
Cross River,LGA 18,Placeholder_Chairman_Cross River_18,,2021,2024,To be updated
Delta,LGA 1,Placeholder_Chairman_Delta_1,,2021,2024,To be updated
Delta,LGA 2,Placeholder_Chairman_Delta_2,,2021,2024,To be updated
Delta,LGA 3,Placeholder_Chairman_Delta_3,,2021,2024,To be updated
Delta,LGA 4,Placeholder_Chairman_Delta_4,,2021,2024,To be updated
Delta,LGA 5,Placeholder_Chairman_Delta_5,,2021,2024,To be updated
Delta,LGA 6,Placeholder_Chairman_Delta_6,,2021,2024,To be updated
Delta,LGA 7,Placeholder_Chairman_Delta_7,,2021,2024,To be updated
Delta,LGA 8,Placeholder_Chairman_Delta_8,,2021,2024,To be updated
Delta,LGA 9,Placeholder_Chairman_Delta_9,,2021,2024,To be updated
Delta,LGA 10,Placeholder_Chairman_Delta_10,,2021,2024,To be updated
Delta,LGA 11,Placeholder_Chairman_Delta_11,,2021,2024,To be updated
Delta,LGA 12,Placeholder_Chairman_Delta_12,,2021,2024,To be updated
Delta,LGA 13,Placeholder_Chairman_Delta_13,,2021,2024,To be updated
Delta,LGA 14,Placeholder_Chairman_Delta_14,,2021,2024,To be updated
Delta,LGA 15,Placeholder_Chairman_Delta_15,,2021,2024,To be updated
Delta,LGA 16,Placeholder_Chairman_Delta_16,,2021,2024,To be updated
Delta,LGA 17,Placeholder_Chairman_Delta_17,,2021,2024,To be updated
Delta,LGA 18,Placeholder_Chairman_Delta_18,,2021,2024,To be updated
Delta,LGA 19,Placeholder_Chairman_Delta_19,,2021,2024,To be updated
Delta,LGA 20,Placeholder_Chairman_Delta_20,,2021,2024,To be updated
Delta,LGA 21,Placeholder_Chairman_Delta_21,,2021,2024,To be updated
Delta,LGA 22,Placeholder_Chairman_Delta_22,,2021,2024,To be updated
Delta,LGA 23,Placeholder_Chairman_Delta_23,,2021,2024,To be updated
Delta,LGA 24,Placeholder_Chairman_Delta_24,,2021,2024,To be updated
Delta,LGA 25,Placeholder_Chairman_Delta_25,,2021,2024,To be updated
Ebonyi,LGA 1,Placeholder_Chairman_Ebonyi_1,,2021,2024,To be updated
Ebonyi,LGA 2,Placeholder_Chairman_Ebonyi_2,,2021,2024,To be updated
Ebonyi,LGA 3,Placeholder_Chairman_Ebonyi_3,,2021,2024,To be updated
Ebonyi,LGA 4,Placeholder_Chairman_Ebonyi_4,,2021,2024,To be updated
Ebonyi,LGA 5,Placeholder_Chairman_Ebonyi_5,,2021,2024,To be updated
Ebonyi,LGA 6,Placeholder_Chairman_Ebonyi_6,,2021,2024,To be updated
Ebonyi,LGA 7,Placeholder_Chairman_Ebonyi_7,,2021,2024,To be updated
Ebonyi,LGA 8,Placeholder_Chairman_Ebonyi_8,,2021,2024,To be updated
Ebonyi,LGA 9,Placeholder_Chairman_Ebonyi_9,,2021,2024,To be updated
Ebonyi,LGA 10,Placeholder_Chairman_Ebonyi_10,,2021,2024,To be updated
Ebonyi,LGA 11,Placeholder_Chairman_Ebonyi_11,,2021,2024,To be updated
Ebonyi,LGA 12,Placeholder_Chairman_Ebonyi_12,,2021,2024,To be updated
Ebonyi,LGA 13,Placeholder_Chairman_Ebonyi_13,,2021,2024,To be updated
Edo,LGA 1,Placeholder_Chairman_Edo_1,,2021,2024,To be updated
Edo,LGA 2,Placeholder_Chairman_Edo_2,,2021,2024,To be updated
Edo,LGA 3,Placeholder_Chairman_Edo_3,,2021,2024,To be updated
Edo,LGA 4,Placeholder_Chairman_Edo_4,,2021,2024,To be updated
Edo,LGA 5,Placeholder_Chairman_Edo_5,,2021,2024,To be updated
Edo,LGA 6,Placeholder_Chairman_Edo_6,,2021,2024,To be updated
Edo,LGA 7,Placeholder_Chairman_Edo_7,,2021,2024,To be updated
Edo,LGA 8,Placeholder_Chairman_Edo_8,,2021,2024,To be updated
Edo,LGA 9,Placeholder_Chairman_Edo_9,,2021,2024,To be updated
Edo,LGA 10,Placeholder_Chairman_Edo_10,,2021,2024,To be updated
Edo,LGA 11,Placeholder_Chairman_Edo_11,,2021,2024,To be updated
Edo,LGA 12,Placeholder_Chairman_Edo_12,,2021,2024,To be updated
Edo,LGA 13,Placeholder_Chairman_Edo_13,,2021,2024,To be updated
Edo,LGA 14,Placeholder_Chairman_Edo_14,,2021,2024,To be updated
Edo,LGA 15,Placeholder_Chairman_Edo_15,,2021,2024,To be updated
Edo,LGA 16,Placeholder_Chairman_Edo_16,,2021,2024,To be updated
Edo,LGA 17,Placeholder_Chairman_Edo_17,,2021,2024,To be updated
Edo,LGA 18,Placeholder_Chairman_Edo_18,,2021,2024,To be updated
Ekiti,LGA 1,Placeholder_Chairman_Ekiti_1,,2021,2024,To be updated
Ekiti,LGA 2,Placeholder_Chairman_Ekiti_2,,2021,2024,To be updated
Ekiti,LGA 3,Placeholder_Chairman_Ekiti_3,,2021,2024,To be updated
Ekiti,LGA 4,Placeholder_Chairman_Ekiti_4,,2021,2024,To be updated
Ekiti,LGA 5,Placeholder_Chairman_Ekiti_5,,2021,2024,To be updated
Ekiti,LGA 6,Placeholder_Chairman_Ekiti_6,,2021,2024,To be updated
Ekiti,LGA 7,Placeholder_Chairman_Ekiti_7,,2021,2024,To be updated
Ekiti,LGA 8,Placeholder_Chairman_Ekiti_8,,2021,2024,To be updated
Ekiti,LGA 9,Placeholder_Chairman_Ekiti_9,,2021,2024,To be updated
Ekiti,LGA 10,Placeholder_Chairman_Ekiti_10,,2021,2024,To be updated
Ekiti,LGA 11,Placeholder_Chairman_Ekiti_11,,2021,2024,To be updated
Ekiti,LGA 12,Placeholder_Chairman_Ekiti_12,,2021,2024,To be updated
Ekiti,LGA 13,Placeholder_Chairman_Ekiti_13,,2021,2024,To be updated
Ekiti,LGA 14,Placeholder_Chairman_Ekiti_14,,2021,2024,To be updated
Ekiti,LGA 15,Placeholder_Chairman_Ekiti_15,,2021,2024,To be updated
Ekiti,LGA 16,Placeholder_Chairman_Ekiti_16,,2021,2024,To be updated
Enugu,LGA 1,Placeholder_Chairman_Enugu_1,,2021,2024,To be updated
Enugu,LGA 2,Placeholder_Chairman_Enugu_2,,2021,2024,To be updated
Enugu,LGA 3,Placeholder_Chairman_Enugu_3,,2021,2024,To be updated
Enugu,LGA 4,Placeholder_Chairman_Enugu_4,,2021,2024,To be updated
Enugu,LGA 5,Placeholder_Chairman_Enugu_5,,2021,2024,To be updated
Enugu,LGA 6,Placeholder_Chairman_Enugu_6,,2021,2024,To be updated
Enugu,LGA 7,Placeholder_Chairman_Enugu_7,,2021,2024,To be updated
Enugu,LGA 8,Placeholder_Chairman_Enugu_8,,2021,2024,To be updated
Enugu,LGA 9,Placeholder_Chairman_Enugu_9,,2021,2024,To be updated
Enugu,LGA 10,Placeholder_Chairman_Enugu_10,,2021,2024,To be updated
Enugu,LGA 11,Placeholder_Chairman_Enugu_11,,2021,2024,To be updated
Enugu,LGA 12,Placeholder_Chairman_Enugu_12,,2021,2024,To be updated
Enugu,LGA 13,Placeholder_Chairman_Enugu_13,,2021,2024,To be updated
Enugu,LGA 14,Placeholder_Chairman_Enugu_14,,2021,2024,To be updated
Enugu,LGA 15,Placeholder_Chairman_Enugu_15,,2021,2024,To be updated
Enugu,LGA 16,Placeholder_Chairman_Enugu_16,,2021,2024,To be updated
Enugu,LGA 17,Placeholder_Chairman_Enugu_17,,2021,2024,To be updated
Gombe,LGA 1,Placeholder_Chairman_Gombe_1,,2021,2024,To be updated
Gombe,LGA 2,Placeholder_Chairman_Gombe_2,,2021,2024,To be updated
Gombe,LGA 3,Placeholder_Chairman_Gombe_3,,2021,2024,To be updated
Gombe,LGA 4,Placeholder_Chairman_Gombe_4,,2021,2024,To be updated
Gombe,LGA 5,Placeholder_Chairman_Gombe_5,,2021,2024,To be updated
Gombe,LGA 6,Placeholder_Chairman_Gombe_6,,2021,2024,To be updated
Gombe,LGA 7,Placeholder_Chairman_Gombe_7,,2021,2024,To be updated
Gombe,LGA 8,Placeholder_Chairman_Gombe_8,,2021,2024,To be updated
Gombe,LGA 9,Placeholder_Chairman_Gombe_9,,2021,2024,To be updated
Gombe,LGA 10,Placeholder_Chairman_Gombe_10,,2021,2024,To be updated
Gombe,LGA 11,Placeholder_Chairman_Gombe_11,,2021,2024,To be updated
Imo,LGA 1,Placeholder_Chairman_Imo_1,,2021,2024,To be updated
Imo,LGA 2,Placeholder_Chairman_Imo_2,,2021,2024,To be updated
Imo,LGA 3,Placeholder_Chairman_Imo_3,,2021,2024,To be updated
Imo,LGA 4,Placeholder_Chairman_Imo_4,,2021,2024,To be updated
Imo,LGA 5,Placeholder_Chairman_Imo_5,,2021,2024,To be updated
Imo,LGA 6,Placeholder_Chairman_Imo_6,,2021,2024,To be updated
Imo,LGA 7,Placeholder_Chairman_Imo_7,,2021,2024,To be updated
Imo,LGA 8,Placeholder_Chairman_Imo_8,,2021,2024,To be updated
Imo,LGA 9,Placeholder_Chairman_Imo_9,,2021,2024,To be updated
Imo,LGA 10,Placeholder_Chairman_Imo_10,,2021,2024,To be updated
Imo,LGA 11,Placeholder_Chairman_Imo_11,,2021,2024,To be updated
Imo,LGA 12,Placeholder_Chairman_Imo_12,,2021,2024,To be updated
Imo,LGA 13,Placeholder_Chairman_Imo_13,,2021,2024,To be updated
Imo,LGA 14,Placeholder_Chairman_Imo_14,,2021,2024,To be updated
Imo,LGA 15,Placeholder_Chairman_Imo_15,,2021,2024,To be updated
Imo,LGA 16,Placeholder_Chairman_Imo_16,,2021,2024,To be updated
Imo,LGA 17,Placeholder_Chairman_Imo_17,,2021,2024,To be updated
Imo,LGA 18,Placeholder_Chairman_Imo_18,,2021,2024,To be updated
Imo,LGA 19,Placeholder_Chairman_Imo_19,,2021,2024,To be updated
Imo,LGA 20,Placeholder_Chairman_Imo_20,,2021,2024,To be updated
Imo,LGA 21,Placeholder_Chairman_Imo_21,,2021,2024,To be updated
Imo,LGA 22,Placeholder_Chairman_Imo_22,,2021,2024,To be updated
Imo,LGA 23,Placeholder_Chairman_Imo_23,,2021,2024,To be updated
Imo,LGA 24,Placeholder_Chairman_Imo_24,,2021,2024,To be updated
Imo,LGA 25,Placeholder_Chairman_Imo_25,,2021,2024,To be updated
Imo,LGA 26,Placeholder_Chairman_Imo_26,,2021,2024,To be updated
Imo,LGA 27,Placeholder_Chairman_Imo_27,,2021,2024,To be updated
Jigawa,LGA 1,Placeholder_Chairman_Jigawa_1,,2021,2024,To be updated
Jigawa,LGA 2,Placeholder_Chairman_Jigawa_2,,2021,2024,To be updated
Jigawa,LGA 3,Placeholder_Chairman_Jigawa_3,,2021,2024,To be updated
Jigawa,LGA 4,Placeholder_Chairman_Jigawa_4,,2021,2024,To be updated
Jigawa,LGA 5,Placeholder_Chairman_Jigawa_5,,2021,2024,To be updated
Jigawa,LGA 6,Placeholder_Chairman_Jigawa_6,,2021,2024,To be updated
Jigawa,LGA 7,Placeholder_Chairman_Jigawa_7,,2021,2024,To be updated
Jigawa,LGA 8,Placeholder_Chairman_Jigawa_8,,2021,2024,To be updated
Jigawa,LGA 9,Placeholder_Chairman_Jigawa_9,,2021,2024,To be updated
Jigawa,LGA 10,Placeholder_Chairman_Jigawa_10,,2021,2024,To be updated
Jigawa,LGA 11,Placeholder_Chairman_Jigawa_11,,2021,2024,To be updated
Jigawa,LGA 12,Placeholder_Chairman_Jigawa_12,,2021,2024,To be updated
Jigawa,LGA 13,Placeholder_Chairman_Jigawa_13,,2021,2024,To be updated
Jigawa,LGA 14,Placeholder_Chairman_Jigawa_14,,2021,2024,To be updated
Jigawa,LGA 15,Placeholder_Chairman_Jigawa_15,,2021,2024,To be updated
Jigawa,LGA 16,Placeholder_Chairman_Jigawa_16,,2021,2024,To be updated
Jigawa,LGA 17,Placeholder_Chairman_Jigawa_17,,2021,2024,To be updated
Jigawa,LGA 18,Placeholder_Chairman_Jigawa_18,,2021,2024,To be updated
Jigawa,LGA 19,Placeholder_Chairman_Jigawa_19,,2021,2024,To be updated
Jigawa,LGA 20,Placeholder_Chairman_Jigawa_20,,2021,2024,To be updated
Jigawa,LGA 21,Placeholder_Chairman_Jigawa_21,,2021,2024,To be updated
Jigawa,LGA 22,Placeholder_Chairman_Jigawa_22,,2021,2024,To be updated
Jigawa,LGA 23,Placeholder_Chairman_Jigawa_23,,2021,2024,To be updated
Jigawa,LGA 24,Placeholder_Chairman_Jigawa_24,,2021,2024,To be updated
Jigawa,LGA 25,Placeholder_Chairman_Jigawa_25,,2021,2024,To be updated
Jigawa,LGA 26,Placeholder_Chairman_Jigawa_26,,2021,2024,To be updated
Jigawa,LGA 27,Placeholder_Chairman_Jigawa_27,,2021,2024,To be updated
Kaduna,LGA 1,Placeholder_Chairman_Kaduna_1,,2021,2024,To be updated
Kaduna,LGA 2,Placeholder_Chairman_Kaduna_2,,2021,2024,To be updated
Kaduna,LGA 3,Placeholder_Chairman_Kaduna_3,,2021,2024,To be updated
Kaduna,LGA 4,Placeholder_Chairman_Kaduna_4,,2021,2024,To be updated
Kaduna,LGA 5,Placeholder_Chairman_Kaduna_5,,2021,2024,To be updated
Kaduna,LGA 6,Placeholder_Chairman_Kaduna_6,,2021,2024,To be updated
Kaduna,LGA 7,Placeholder_Chairman_Kaduna_7,,2021,2024,To be updated
Kaduna,LGA 8,Placeholder_Chairman_Kaduna_8,,2021,2024,To be updated
Kaduna,LGA 9,Placeholder_Chairman_Kaduna_9,,2021,2024,To be updated
Kaduna,LGA 10,Placeholder_Chairman_Kaduna_10,,2021,2024,To be updated
Kaduna,LGA 11,Placeholder_Chairman_Kaduna_11,,2021,2024,To be updated
Kaduna,LGA 12,Placeholder_Chairman_Kaduna_12,,2021,2024,To be updated
Kaduna,LGA 13,Placeholder_Chairman_Kaduna_13,,2021,2024,To be updated
Kaduna,LGA 14,Placeholder_Chairman_Kaduna_14,,2021,2024,To be updated
Kaduna,LGA 15,Placeholder_Chairman_Kaduna_15,,2021,2024,To be updated
Kaduna,LGA 16,Placeholder_Chairman_Kaduna_16,,2021,2024,To be updated
Kaduna,LGA 17,Placeholder_Chairman_Kaduna_17,,2021,2024,To be updated
Kaduna,LGA 18,Placeholder_Chairman_Kaduna_18,,2021,2024,To be updated
Kaduna,LGA 19,Placeholder_Chairman_Kaduna_19,,2021,2024,To be updated
Kaduna,LGA 20,Placeholder_Chairman_Kaduna_20,,2021,2024,To be updated
Kaduna,LGA 21,Placeholder_Chairman_Kaduna_21,,2021,2024,To be updated
Kaduna,LGA 22,Placeholder_Chairman_Kaduna_22,,2021,2024,To be updated
Kaduna,LGA 23,Placeholder_Chairman_Kaduna_23,,2021,2024,To be updated
Kano,LGA 1,Placeholder_Chairman_Kano_1,,2021,2024,To be updated
Kano,LGA 2,Placeholder_Chairman_Kano_2,,2021,2024,To be updated
Kano,LGA 3,Placeholder_Chairman_Kano_3,,2021,2024,To be updated
Kano,LGA 4,Placeholder_Chairman_Kano_4,,2021,2024,To be updated
Kano,LGA 5,Placeholder_Chairman_Kano_5,,2021,2024,To be updated
Kano,LGA 6,Placeholder_Chairman_Kano_6,,2021,2024,To be updated
Kano,LGA 7,Placeholder_Chairman_Kano_7,,2021,2024,To be updated
Kano,LGA 8,Placeholder_Chairman_Kano_8,,2021,2024,To be updated
Kano,LGA 9,Placeholder_Chairman_Kano_9,,2021,2024,To be updated
Kano,LGA 10,Placeholder_Chairman_Kano_10,,2021,2024,To be updated
Kano,LGA 11,Placeholder_Chairman_Kano_11,,2021,2024,To be updated
Kano,LGA 12,Placeholder_Chairman_Kano_12,,2021,2024,To be updated
Kano,LGA 13,Placeholder_Chairman_Kano_13,,2021,2024,To be updated
Kano,LGA 14,Placeholder_Chairman_Kano_14,,2021,2024,To be updated
Kano,LGA 15,Placeholder_Chairman_Kano_15,,2021,2024,To be updated
Kano,LGA 16,Placeholder_Chairman_Kano_16,,2021,2024,To be updated
Kano,LGA 17,Placeholder_Chairman_Kano_17,,2021,2024,To be updated
Kano,LGA 18,Placeholder_Chairman_Kano_18,,2021,2024,To be updated
Kano,LGA 19,Placeholder_Chairman_Kano_19,,2021,2024,To be updated
Kano,LGA 20,Placeholder_Chairman_Kano_20,,2021,2024,To be updated
Kano,LGA 21,Placeholder_Chairman_Kano_21,,2021,2024,To be updated
Kano,LGA 22,Placeholder_Chairman_Kano_22,,2021,2024,To be updated
Kano,LGA 23,Placeholder_Chairman_Kano_23,,2021,2024,To be updated
Kano,LGA 24,Placeholder_Chairman_Kano_24,,2021,2024,To be updated
Kano,LGA 25,Placeholder_Chairman_Kano_25,,2021,2024,To be updated
Kano,LGA 26,Placeholder_Chairman_Kano_26,,2021,2024,To be updated
Kano,LGA 27,Placeholder_Chairman_Kano_27,,2021,2024,To be updated
Kano,LGA 28,Placeholder_Chairman_Kano_28,,2021,2024,To be updated
Kano,LGA 29,Placeholder_Chairman_Kano_29,,2021,2024,To be updated
Kano,LGA 30,Placeholder_Chairman_Kano_30,,2021,2024,To be updated
Kano,LGA 31,Placeholder_Chairman_Kano_31,,2021,2024,To be updated
Kano,LGA 32,Placeholder_Chairman_Kano_32,,2021,2024,To be updated
Kano,LGA 33,Placeholder_Chairman_Kano_33,,2021,2024,To be updated
Kano,LGA 34,Placeholder_Chairman_Kano_34,,2021,2024,To be updated
Kano,LGA 35,Placeholder_Chairman_Kano_35,,2021,2024,To be updated
Kano,LGA 36,Placeholder_Chairman_Kano_36,,2021,2024,To be updated
Kano,LGA 37,Placeholder_Chairman_Kano_37,,2021,2024,To be updated
Kano,LGA 38,Placeholder_Chairman_Kano_38,,2021,2024,To be updated
Kano,LGA 39,Placeholder_Chairman_Kano_39,,2021,2024,To be updated
Kano,LGA 40,Placeholder_Chairman_Kano_40,,2021,2024,To be updated
Kano,LGA 41,Placeholder_Chairman_Kano_41,,2021,2024,To be updated
Kano,LGA 42,Placeholder_Chairman_Kano_42,,2021,2024,To be updated
Kano,LGA 43,Placeholder_Chairman_Kano_43,,2021,2024,To be updated
Kano,LGA 44,Placeholder_Chairman_Kano_44,,2021,2024,To be updated
Katsina,LGA 1,Placeholder_Chairman_Katsina_1,,2021,2024,To be updated
Katsina,LGA 2,Placeholder_Chairman_Katsina_2,,2021,2024,To be updated
Katsina,LGA 3,Placeholder_Chairman_Katsina_3,,2021,2024,To be updated
Katsina,LGA 4,Placeholder_Chairman_Katsina_4,,2021,2024,To be updated
Katsina,LGA 5,Placeholder_Chairman_Katsina_5,,2021,2024,To be updated
Katsina,LGA 6,Placeholder_Chairman_Katsina_6,,2021,2024,To be updated
Katsina,LGA 7,Placeholder_Chairman_Katsina_7,,2021,2024,To be updated
Katsina,LGA 8,Placeholder_Chairman_Katsina_8,,2021,2024,To be updated
Katsina,LGA 9,Placeholder_Chairman_Katsina_9,,2021,2024,To be updated
Katsina,LGA 10,Placeholder_Chairman_Katsina_10,,2021,2024,To be updated
Katsina,LGA 11,Placeholder_Chairman_Katsina_11,,2021,2024,To be updated
Katsina,LGA 12,Placeholder_Chairman_Katsina_12,,2021,2024,To be updated
Katsina,LGA 13,Placeholder_Chairman_Katsina_13,,2021,2024,To be updated
Katsina,LGA 14,Placeholder_Chairman_Katsina_14,,2021,2024,To be updated
Katsina,LGA 15,Placeholder_Chairman_Katsina_15,,2021,2024,To be updated
Katsina,LGA 16,Placeholder_Chairman_Katsina_16,,2021,2024,To be updated
Katsina,LGA 17,Placeholder_Chairman_Katsina_17,,2021,2024,To be updated
Katsina,LGA 18,Placeholder_Chairman_Katsina_18,,2021,2024,To be updated
Katsina,LGA 19,Placeholder_Chairman_Katsina_19,,2021,2024,To be updated
Katsina,LGA 20,Placeholder_Chairman_Katsina_20,,2021,2024,To be updated
Katsina,LGA 21,Placeholder_Chairman_Katsina_21,,2021,2024,To be updated
Katsina,LGA 22,Placeholder_Chairman_Katsina_22,,2021,2024,To be updated
Katsina,LGA 23,Placeholder_Chairman_Katsina_23,,2021,2024,To be updated
Katsina,LGA 24,Placeholder_Chairman_Katsina_24,,2021,2024,To be updated
Katsina,LGA 25,Placeholder_Chairman_Katsina_25,,2021,2024,To be updated
Katsina,LGA 26,Placeholder_Chairman_Katsina_26,,2021,2024,To be updated
Katsina,LGA 27,Placeholder_Chairman_Katsina_27,,2021,2024,To be updated
Katsina,LGA 28,Placeholder_Chairman_Katsina_28,,2021,2024,To be updated
Katsina,LGA 29,Placeholder_Chairman_Katsina_29,,2021,2024,To be updated
Katsina,LGA 30,Placeholder_Chairman_Katsina_30,,2021,2024,To be updated
Katsina,LGA 31,Placeholder_Chairman_Katsina_31,,2021,2024,To be updated
Katsina,LGA 32,Placeholder_Chairman_Katsina_32,,2021,2024,To be updated
Katsina,LGA 33,Placeholder_Chairman_Katsina_33,,2021,2024,To be updated
Katsina,LGA 34,Placeholder_Chairman_Katsina_34,,2021,2024,To be updated
Kebbi,LGA 1,Placeholder_Chairman_Kebbi_1,,2021,2024,To be updated
Kebbi,LGA 2,Placeholder_Chairman_Kebbi_2,,2021,2024,To be updated
Kebbi,LGA 3,Placeholder_Chairman_Kebbi_3,,2021,2024,To be updated
Kebbi,LGA 4,Placeholder_Chairman_Kebbi_4,,2021,2024,To be updated
Kebbi,LGA 5,Placeholder_Chairman_Kebbi_5,,2021,2024,To be updated
Kebbi,LGA 6,Placeholder_Chairman_Kebbi_6,,2021,2024,To be updated
Kebbi,LGA 7,Placeholder_Chairman_Kebbi_7,,2021,2024,To be updated
Kebbi,LGA 8,Placeholder_Chairman_Kebbi_8,,2021,2024,To be updated
Kebbi,LGA 9,Placeholder_Chairman_Kebbi_9,,2021,2024,To be updated
Kebbi,LGA 10,Placeholder_Chairman_Kebbi_10,,2021,2024,To be updated
Kebbi,LGA 11,Placeholder_Chairman_Kebbi_11,,2021,2024,To be updated
Kebbi,LGA 12,Placeholder_Chairman_Kebbi_12,,2021,2024,To be updated
Kebbi,LGA 13,Placeholder_Chairman_Kebbi_13,,2021,2024,To be updated
Kebbi,LGA 14,Placeholder_Chairman_Kebbi_14,,2021,2024,To be updated
Kebbi,LGA 15,Placeholder_Chairman_Kebbi_15,,2021,2024,To be updated
Kebbi,LGA 16,Placeholder_Chairman_Kebbi_16,,2021,2024,To be updated
Kebbi,LGA 17,Placeholder_Chairman_Kebbi_17,,2021,2024,To be updated
Kebbi,LGA 18,Placeholder_Chairman_Kebbi_18,,2021,2024,To be updated
Kebbi,LGA 19,Placeholder_Chairman_Kebbi_19,,2021,2024,To be updated
Kebbi,LGA 20,Placeholder_Chairman_Kebbi_20,,2021,2024,To be updated
Kebbi,LGA 21,Placeholder_Chairman_Kebbi_21,,2021,2024,To be updated
Kogi,LGA 1,Placeholder_Chairman_Kogi_1,,2021,2024,To be updated
Kogi,LGA 2,Placeholder_Chairman_Kogi_2,,2021,2024,To be updated
Kogi,LGA 3,Placeholder_Chairman_Kogi_3,,2021,2024,To be updated
Kogi,LGA 4,Placeholder_Chairman_Kogi_4,,2021,2024,To be updated
Kogi,LGA 5,Placeholder_Chairman_Kogi_5,,2021,2024,To be updated
Kogi,LGA 6,Placeholder_Chairman_Kogi_6,,2021,2024,To be updated
Kogi,LGA 7,Placeholder_Chairman_Kogi_7,,2021,2024,To be updated
Kogi,LGA 8,Placeholder_Chairman_Kogi_8,,2021,2024,To be updated
Kogi,LGA 9,Placeholder_Chairman_Kogi_9,,2021,2024,To be updated
Kogi,LGA 10,Placeholder_Chairman_Kogi_10,,2021,2024,To be updated
Kogi,LGA 11,Placeholder_Chairman_Kogi_11,,2021,2024,To be updated
Kogi,LGA 12,Placeholder_Chairman_Kogi_12,,2021,2024,To be updated
Kogi,LGA 13,Placeholder_Chairman_Kogi_13,,2021,2024,To be updated
Kogi,LGA 14,Placeholder_Chairman_Kogi_14,,2021,2024,To be updated
Kogi,LGA 15,Placeholder_Chairman_Kogi_15,,2021,2024,To be updated
Kogi,LGA 16,Placeholder_Chairman_Kogi_16,,2021,2024,To be updated
Kogi,LGA 17,Placeholder_Chairman_Kogi_17,,2021,2024,To be updated
Kogi,LGA 18,Placeholder_Chairman_Kogi_18,,2021,2024,To be updated
Kogi,LGA 19,Placeholder_Chairman_Kogi_19,,2021,2024,To be updated
Kogi,LGA 20,Placeholder_Chairman_Kogi_20,,2021,2024,To be updated
Kogi,LGA 21,Placeholder_Chairman_Kogi_21,,2021,2024,To be updated
Kwara,LGA 1,Placeholder_Chairman_Kwara_1,,2021,2024,To be updated
Kwara,LGA 2,Placeholder_Chairman_Kwara_2,,2021,2024,To be updated
Kwara,LGA 3,Placeholder_Chairman_Kwara_3,,2021,2024,To be updated
Kwara,LGA 4,Placeholder_Chairman_Kwara_4,,2021,2024,To be updated
Kwara,LGA 5,Placeholder_Chairman_Kwara_5,,2021,2024,To be updated
Kwara,LGA 6,Placeholder_Chairman_Kwara_6,,2021,2024,To be updated
Kwara,LGA 7,Placeholder_Chairman_Kwara_7,,2021,2024,To be updated
Kwara,LGA 8,Placeholder_Chairman_Kwara_8,,2021,2024,To be updated
Kwara,LGA 9,Placeholder_Chairman_Kwara_9,,2021,2024,To be updated
Kwara,LGA 10,Placeholder_Chairman_Kwara_10,,2021,2024,To be updated
Kwara,LGA 11,Placeholder_Chairman_Kwara_11,,2021,2024,To be updated
Kwara,LGA 12,Placeholder_Chairman_Kwara_12,,2021,2024,To be updated
Kwara,LGA 13,Placeholder_Chairman_Kwara_13,,2021,2024,To be updated
Kwara,LGA 14,Placeholder_Chairman_Kwara_14,,2021,2024,To be updated
Kwara,LGA 15,Placeholder_Chairman_Kwara_15,,2021,2024,To be updated
Kwara,LGA 16,Placeholder_Chairman_Kwara_16,,2021,2024,To be updated
Lagos,LGA 1,Placeholder_Chairman_Lagos_1,,2021,2024,To be updated
Lagos,LGA 2,Placeholder_Chairman_Lagos_2,,2021,2024,To be updated
Lagos,LGA 3,Placeholder_Chairman_Lagos_3,,2021,2024,To be updated
Lagos,LGA 4,Placeholder_Chairman_Lagos_4,,2021,2024,To be updated
Lagos,LGA 5,Placeholder_Chairman_Lagos_5,,2021,2024,To be updated
Lagos,LGA 6,Placeholder_Chairman_Lagos_6,,2021,2024,To be updated
Lagos,LGA 7,Placeholder_Chairman_Lagos_7,,2021,2024,To be updated
Lagos,LGA 8,Placeholder_Chairman_Lagos_8,,2021,2024,To be updated
Lagos,LGA 9,Placeholder_Chairman_Lagos_9,,2021,2024,To be updated
Lagos,LGA 10,Placeholder_Chairman_Lagos_10,,2021,2024,To be updated
Lagos,LGA 11,Placeholder_Chairman_Lagos_11,,2021,2024,To be updated
Lagos,LGA 12,Placeholder_Chairman_Lagos_12,,2021,2024,To be updated
Lagos,LGA 13,Placeholder_Chairman_Lagos_13,,2021,2024,To be updated
Lagos,LGA 14,Placeholder_Chairman_Lagos_14,,2021,2024,To be updated
Lagos,LGA 15,Placeholder_Chairman_Lagos_15,,2021,2024,To be updated
Lagos,LGA 16,Placeholder_Chairman_Lagos_16,,2021,2024,To be updated
Lagos,LGA 17,Placeholder_Chairman_Lagos_17,,2021,2024,To be updated
Lagos,LGA 18,Placeholder_Chairman_Lagos_18,,2021,2024,To be updated
Lagos,LGA 19,Placeholder_Chairman_Lagos_19,,2021,2024,To be updated
Lagos,LGA 20,Placeholder_Chairman_Lagos_20,,2021,2024,To be updated
Nasarawa,LGA 1,Placeholder_Chairman_Nasarawa_1,,2021,2024,To be updated
Nasarawa,LGA 2,Placeholder_Chairman_Nasarawa_2,,2021,2024,To be updated
Nasarawa,LGA 3,Placeholder_Chairman_Nasarawa_3,,2021,2024,To be updated
Nasarawa,LGA 4,Placeholder_Chairman_Nasarawa_4,,2021,2024,To be updated
Nasarawa,LGA 5,Placeholder_Chairman_Nasarawa_5,,2021,2024,To be updated
Nasarawa,LGA 6,Placeholder_Chairman_Nasarawa_6,,2021,2024,To be updated
Nasarawa,LGA 7,Placeholder_Chairman_Nasarawa_7,,2021,2024,To be updated
Nasarawa,LGA 8,Placeholder_Chairman_Nasarawa_8,,2021,2024,To be updated
Nasarawa,LGA 9,Placeholder_Chairman_Nasarawa_9,,2021,2024,To be updated
Nasarawa,LGA 10,Placeholder_Chairman_Nasarawa_10,,2021,2024,To be updated
Nasarawa,LGA 11,Placeholder_Chairman_Nasarawa_11,,2021,2024,To be updated
Nasarawa,LGA 12,Placeholder_Chairman_Nasarawa_12,,2021,2024,To be updated
Nasarawa,LGA 13,Placeholder_Chairman_Nasarawa_13,,2021,2024,To be updated
Niger,LGA 1,Placeholder_Chairman_Niger_1,,2021,2024,To be updated
Niger,LGA 2,Placeholder_Chairman_Niger_2,,2021,2024,To be updated
Niger,LGA 3,Placeholder_Chairman_Niger_3,,2021,2024,To be updated
Niger,LGA 4,Placeholder_Chairman_Niger_4,,2021,2024,To be updated
Niger,LGA 5,Placeholder_Chairman_Niger_5,,2021,2024,To be updated
Niger,LGA 6,Placeholder_Chairman_Niger_6,,2021,2024,To be updated
Niger,LGA 7,Placeholder_Chairman_Niger_7,,2021,2024,To be updated
Niger,LGA 8,Placeholder_Chairman_Niger_8,,2021,2024,To be updated
Niger,LGA 9,Placeholder_Chairman_Niger_9,,2021,2024,To be updated
Niger,LGA 10,Placeholder_Chairman_Niger_10,,2021,2024,To be updated
Niger,LGA 11,Placeholder_Chairman_Niger_11,,2021,2024,To be updated
Niger,LGA 12,Placeholder_Chairman_Niger_12,,2021,2024,To be updated
Niger,LGA 13,Placeholder_Chairman_Niger_13,,2021,2024,To be updated
Niger,LGA 14,Placeholder_Chairman_Niger_14,,2021,2024,To be updated
Niger,LGA 15,Placeholder_Chairman_Niger_15,,2021,2024,To be updated
Niger,LGA 16,Placeholder_Chairman_Niger_16,,2021,2024,To be updated
Niger,LGA 17,Placeholder_Chairman_Niger_17,,2021,2024,To be updated
Niger,LGA 18,Placeholder_Chairman_Niger_18,,2021,2024,To be updated
Niger,LGA 19,Placeholder_Chairman_Niger_19,,2021,2024,To be updated
Niger,LGA 20,Placeholder_Chairman_Niger_20,,2021,2024,To be updated
Niger,LGA 21,Placeholder_Chairman_Niger_21,,2021,2024,To be updated
Niger,LGA 22,Placeholder_Chairman_Niger_22,,2021,2024,To be updated
Niger,LGA 23,Placeholder_Chairman_Niger_23,,2021,2024,To be updated
Niger,LGA 24,Placeholder_Chairman_Niger_24,,2021,2024,To be updated
Niger,LGA 25,Placeholder_Chairman_Niger_25,,2021,2024,To be updated
Ogun,LGA 1,Placeholder_Chairman_Ogun_1,,2021,2024,To be updated
Ogun,LGA 2,Placeholder_Chairman_Ogun_2,,2021,2024,To be updated
Ogun,LGA 3,Placeholder_Chairman_Ogun_3,,2021,2024,To be updated
Ogun,LGA 4,Placeholder_Chairman_Ogun_4,,2021,2024,To be updated
Ogun,LGA 5,Placeholder_Chairman_Ogun_5,,2021,2024,To be updated
Ogun,LGA 6,Placeholder_Chairman_Ogun_6,,2021,2024,To be updated
Ogun,LGA 7,Placeholder_Chairman_Ogun_7,,2021,2024,To be updated
Ogun,LGA 8,Placeholder_Chairman_Ogun_8,,2021,2024,To be updated
Ogun,LGA 9,Placeholder_Chairman_Ogun_9,,2021,2024,To be updated
Ogun,LGA 10,Placeholder_Chairman_Ogun_10,,2021,2024,To be updated
Ogun,LGA 11,Placeholder_Chairman_Ogun_11,,2021,2024,To be updated
Ogun,LGA 12,Placeholder_Chairman_Ogun_12,,2021,2024,To be updated
Ogun,LGA 13,Placeholder_Chairman_Ogun_13,,2021,2024,To be updated
Ogun,LGA 14,Placeholder_Chairman_Ogun_14,,2021,2024,To be updated
Ogun,LGA 15,Placeholder_Chairman_Ogun_15,,2021,2024,To be updated
Ogun,LGA 16,Placeholder_Chairman_Ogun_16,,2021,2024,To be updated
Ogun,LGA 17,Placeholder_Chairman_Ogun_17,,2021,2024,To be updated
Ogun,LGA 18,Placeholder_Chairman_Ogun_18,,2021,2024,To be updated
Ogun,LGA 19,Placeholder_Chairman_Ogun_19,,2021,2024,To be updated
Ogun,LGA 20,Placeholder_Chairman_Ogun_20,,2021,2024,To be updated
Ondo,LGA 1,Placeholder_Chairman_Ondo_1,,2021,2024,To be updated
Ondo,LGA 2,Placeholder_Chairman_Ondo_2,,2021,2024,To be updated
Ondo,LGA 3,Placeholder_Chairman_Ondo_3,,2021,2024,To be updated
Ondo,LGA 4,Placeholder_Chairman_Ondo_4,,2021,2024,To be updated
Ondo,LGA 5,Placeholder_Chairman_Ondo_5,,2021,2024,To be updated
Ondo,LGA 6,Placeholder_Chairman_Ondo_6,,2021,2024,To be updated
Ondo,LGA 7,Placeholder_Chairman_Ondo_7,,2021,2024,To be updated
Ondo,LGA 8,Placeholder_Chairman_Ondo_8,,2021,2024,To be updated
Ondo,LGA 9,Placeholder_Chairman_Ondo_9,,2021,2024,To be updated
Ondo,LGA 10,Placeholder_Chairman_Ondo_10,,2021,2024,To be updated
Ondo,LGA 11,Placeholder_Chairman_Ondo_11,,2021,2024,To be updated
Ondo,LGA 12,Placeholder_Chairman_Ondo_12,,2021,2024,To be updated
Ondo,LGA 13,Placeholder_Chairman_Ondo_13,,2021,2024,To be updated
Ondo,LGA 14,Placeholder_Chairman_Ondo_14,,2021,2024,To be updated
Ondo,LGA 15,Placeholder_Chairman_Ondo_15,,2021,2024,To be updated
Ondo,LGA 16,Placeholder_Chairman_Ondo_16,,2021,2024,To be updated
Ondo,LGA 17,Placeholder_Chairman_Ondo_17,,2021,2024,To be updated
Ondo,LGA 18,Placeholder_Chairman_Ondo_18,,2021,2024,To be updated
Osun,LGA 1,Placeholder_Chairman_Osun_1,,2021,2024,To be updated
Osun,LGA 2,Placeholder_Chairman_Osun_2,,2021,2024,To be updated
Osun,LGA 3,Placeholder_Chairman_Osun_3,,2021,2024,To be updated
Osun,LGA 4,Placeholder_Chairman_Osun_4,,2021,2024,To be updated
Osun,LGA 5,Placeholder_Chairman_Osun_5,,2021,2024,To be updated
Osun,LGA 6,Placeholder_Chairman_Osun_6,,2021,2024,To be updated
Osun,LGA 7,Placeholder_Chairman_Osun_7,,2021,2024,To be updated
Osun,LGA 8,Placeholder_Chairman_Osun_8,,2021,2024,To be updated
Osun,LGA 9,Placeholder_Chairman_Osun_9,,2021,2024,To be updated
Osun,LGA 10,Placeholder_Chairman_Osun_10,,2021,2024,To be updated
Osun,LGA 11,Placeholder_Chairman_Osun_11,,2021,2024,To be updated
Osun,LGA 12,Placeholder_Chairman_Osun_12,,2021,2024,To be updated
Osun,LGA 13,Placeholder_Chairman_Osun_13,,2021,2024,To be updated
Osun,LGA 14,Placeholder_Chairman_Osun_14,,2021,2024,To be updated
Osun,LGA 15,Placeholder_Chairman_Osun_15,,2021,2024,To be updated
Osun,LGA 16,Placeholder_Chairman_Osun_16,,2021,2024,To be updated
Osun,LGA 17,Placeholder_Chairman_Osun_17,,2021,2024,To be updated
Osun,LGA 18,Placeholder_Chairman_Osun_18,,2021,2024,To be updated
Osun,LGA 19,Placeholder_Chairman_Osun_19,,2021,2024,To be updated
Osun,LGA 20,Placeholder_Chairman_Osun_20,,2021,2024,To be updated
Osun,LGA 21,Placeholder_Chairman_Osun_21,,2021,2024,To be updated
Osun,LGA 22,Placeholder_Chairman_Osun_22,,2021,2024,To be updated
Osun,LGA 23,Placeholder_Chairman_Osun_23,,2021,2024,To be updated
Osun,LGA 24,Placeholder_Chairman_Osun_24,,2021,2024,To be updated
Osun,LGA 25,Placeholder_Chairman_Osun_25,,2021,2024,To be updated
Osun,LGA 26,Placeholder_Chairman_Osun_26,,2021,2024,To be updated
Osun,LGA 27,Placeholder_Chairman_Osun_27,,2021,2024,To be updated
Osun,LGA 28,Placeholder_Chairman_Osun_28,,2021,2024,To be updated
Osun,LGA 29,Placeholder_Chairman_Osun_29,,2021,2024,To be updated
Osun,LGA 30,Placeholder_Chairman_Osun_30,,2021,2024,To be updated
Oyo,LGA 1,Placeholder_Chairman_Oyo_1,,2021,2024,To be updated
Oyo,LGA 2,Placeholder_Chairman_Oyo_2,,2021,2024,To be updated
Oyo,LGA 3,Placeholder_Chairman_Oyo_3,,2021,2024,To be updated
Oyo,LGA 4,Placeholder_Chairman_Oyo_4,,2021,2024,To be updated
Oyo,LGA 5,Placeholder_Chairman_Oyo_5,,2021,2024,To be updated
Oyo,LGA 6,Placeholder_Chairman_Oyo_6,,2021,2024,To be updated
Oyo,LGA 7,Placeholder_Chairman_Oyo_7,,2021,2024,To be updated
Oyo,LGA 8,Placeholder_Chairman_Oyo_8,,2021,2024,To be updated
Oyo,LGA 9,Placeholder_Chairman_Oyo_9,,2021,2024,To be updated
Oyo,LGA 10,Placeholder_Chairman_Oyo_10,,2021,2024,To be updated
Oyo,LGA 11,Placeholder_Chairman_Oyo_11,,2021,2024,To be updated
Oyo,LGA 12,Placeholder_Chairman_Oyo_12,,2021,2024,To be updated
Oyo,LGA 13,Placeholder_Chairman_Oyo_13,,2021,2024,To be updated
Oyo,LGA 14,Placeholder_Chairman_Oyo_14,,2021,2024,To be updated
Oyo,LGA 15,Placeholder_Chairman_Oyo_15,,2021,2024,To be updated
Oyo,LGA 16,Placeholder_Chairman_Oyo_16,,2021,2024,To be updated
Oyo,LGA 17,Placeholder_Chairman_Oyo_17,,2021,2024,To be updated
Oyo,LGA 18,Placeholder_Chairman_Oyo_18,,2021,2024,To be updated
Oyo,LGA 19,Placeholder_Chairman_Oyo_19,,2021,2024,To be updated
Oyo,LGA 20,Placeholder_Chairman_Oyo_20,,2021,2024,To be updated
Oyo,LGA 21,Placeholder_Chairman_Oyo_21,,2021,2024,To be updated
Oyo,LGA 22,Placeholder_Chairman_Oyo_22,,2021,2024,To be updated
Oyo,LGA 23,Placeholder_Chairman_Oyo_23,,2021,2024,To be updated
Oyo,LGA 24,Placeholder_Chairman_Oyo_24,,2021,2024,To be updated
Oyo,LGA 25,Placeholder_Chairman_Oyo_25,,2021,2024,To be updated
Oyo,LGA 26,Placeholder_Chairman_Oyo_26,,2021,2024,To be updated
Oyo,LGA 27,Placeholder_Chairman_Oyo_27,,2021,2024,To be updated
Oyo,LGA 28,Placeholder_Chairman_Oyo_28,,2021,2024,To be updated
Oyo,LGA 29,Placeholder_Chairman_Oyo_29,,2021,2024,To be updated
Oyo,LGA 30,Placeholder_Chairman_Oyo_30,,2021,2024,To be updated
Oyo,LGA 31,Placeholder_Chairman_Oyo_31,,2021,2024,To be updated
Oyo,LGA 32,Placeholder_Chairman_Oyo_32,,2021,2024,To be updated
Oyo,LGA 33,Placeholder_Chairman_Oyo_33,,2021,2024,To be updated
Plateau,LGA 1,Placeholder_Chairman_Plateau_1,,2021,2024,To be updated
Plateau,LGA 2,Placeholder_Chairman_Plateau_2,,2021,2024,To be updated
Plateau,LGA 3,Placeholder_Chairman_Plateau_3,,2021,2024,To be updated
Plateau,LGA 4,Placeholder_Chairman_Plateau_4,,2021,2024,To be updated
Plateau,LGA 5,Placeholder_Chairman_Plateau_5,,2021,2024,To be updated
Plateau,LGA 6,Placeholder_Chairman_Plateau_6,,2021,2024,To be updated
Plateau,LGA 7,Placeholder_Chairman_Plateau_7,,2021,2024,To be updated
Plateau,LGA 8,Placeholder_Chairman_Plateau_8,,2021,2024,To be updated
Plateau,LGA 9,Placeholder_Chairman_Plateau_9,,2021,2024,To be updated
Plateau,LGA 10,Placeholder_Chairman_Plateau_10,,2021,2024,To be updated
Plateau,LGA 11,Placeholder_Chairman_Plateau_11,,2021,2024,To be updated
Plateau,LGA 12,Placeholder_Chairman_Plateau_12,,2021,2024,To be updated
Plateau,LGA 13,Placeholder_Chairman_Plateau_13,,2021,2024,To be updated
Plateau,LGA 14,Placeholder_Chairman_Plateau_14,,2021,2024,To be updated
Plateau,LGA 15,Placeholder_Chairman_Plateau_15,,2021,2024,To be updated
Plateau,LGA 16,Placeholder_Chairman_Plateau_16,,2021,2024,To be updated
Plateau,LGA 17,Placeholder_Chairman_Plateau_17,,2021,2024,To be updated
Rivers,LGA 1,Placeholder_Chairman_Rivers_1,,2021,2024,To be updated
Rivers,LGA 2,Placeholder_Chairman_Rivers_2,,2021,2024,To be updated
Rivers,LGA 3,Placeholder_Chairman_Rivers_3,,2021,2024,To be updated
Rivers,LGA 4,Placeholder_Chairman_Rivers_4,,2021,2024,To be updated
Rivers,LGA 5,Placeholder_Chairman_Rivers_5,,2021,2024,To be updated
Rivers,LGA 6,Placeholder_Chairman_Rivers_6,,2021,2024,To be updated
Rivers,LGA 7,Placeholder_Chairman_Rivers_7,,2021,2024,To be updated
Rivers,LGA 8,Placeholder_Chairman_Rivers_8,,2021,2024,To be updated
Rivers,LGA 9,Placeholder_Chairman_Rivers_9,,2021,2024,To be updated
Rivers,LGA 10,Placeholder_Chairman_Rivers_10,,2021,2024,To be updated
Rivers,LGA 11,Placeholder_Chairman_Rivers_11,,2021,2024,To be updated
Rivers,LGA 12,Placeholder_Chairman_Rivers_12,,2021,2024,To be updated
Rivers,LGA 13,Placeholder_Chairman_Rivers_13,,2021,2024,To be updated
Rivers,LGA 14,Placeholder_Chairman_Rivers_14,,2021,2024,To be updated
Rivers,LGA 15,Placeholder_Chairman_Rivers_15,,2021,2024,To be updated
Rivers,LGA 16,Placeholder_Chairman_Rivers_16,,2021,2024,To be updated
Rivers,LGA 17,Placeholder_Chairman_Rivers_17,,2021,2024,To be updated
Rivers,LGA 18,Placeholder_Chairman_Rivers_18,,2021,2024,To be updated
Rivers,LGA 19,Placeholder_Chairman_Rivers_19,,2021,2024,To be updated
Rivers,LGA 20,Placeholder_Chairman_Rivers_20,,2021,2024,To be updated
Rivers,LGA 21,Placeholder_Chairman_Rivers_21,,2021,2024,To be updated
Rivers,LGA 22,Placeholder_Chairman_Rivers_22,,2021,2024,To be updated
Rivers,LGA 23,Placeholder_Chairman_Rivers_23,,2021,2024,To be updated
Sokoto,LGA 1,Placeholder_Chairman_Sokoto_1,,2021,2024,To be updated
Sokoto,LGA 2,Placeholder_Chairman_Sokoto_2,,2021,2024,To be updated
Sokoto,LGA 3,Placeholder_Chairman_Sokoto_3,,2021,2024,To be updated
Sokoto,LGA 4,Placeholder_Chairman_Sokoto_4,,2021,2024,To be updated
Sokoto,LGA 5,Placeholder_Chairman_Sokoto_5,,2021,2024,To be updated
Sokoto,LGA 6,Placeholder_Chairman_Sokoto_6,,2021,2024,To be updated
Sokoto,LGA 7,Placeholder_Chairman_Sokoto_7,,2021,2024,To be updated
Sokoto,LGA 8,Placeholder_Chairman_Sokoto_8,,2021,2024,To be updated
Sokoto,LGA 9,Placeholder_Chairman_Sokoto_9,,2021,2024,To be updated
Sokoto,LGA 10,Placeholder_Chairman_Sokoto_10,,2021,2024,To be updated
Sokoto,LGA 11,Placeholder_Chairman_Sokoto_11,,2021,2024,To be updated
Sokoto,LGA 12,Placeholder_Chairman_Sokoto_12,,2021,2024,To be updated
Sokoto,LGA 13,Placeholder_Chairman_Sokoto_13,,2021,2024,To be updated
Sokoto,LGA 14,Placeholder_Chairman_Sokoto_14,,2021,2024,To be updated
Sokoto,LGA 15,Placeholder_Chairman_Sokoto_15,,2021,2024,To be updated
Sokoto,LGA 16,Placeholder_Chairman_Sokoto_16,,2021,2024,To be updated
Sokoto,LGA 17,Placeholder_Chairman_Sokoto_17,,2021,2024,To be updated
Sokoto,LGA 18,Placeholder_Chairman_Sokoto_18,,2021,2024,To be updated
Sokoto,LGA 19,Placeholder_Chairman_Sokoto_19,,2021,2024,To be updated
Sokoto,LGA 20,Placeholder_Chairman_Sokoto_20,,2021,2024,To be updated
Sokoto,LGA 21,Placeholder_Chairman_Sokoto_21,,2021,2024,To be updated
Sokoto,LGA 22,Placeholder_Chairman_Sokoto_22,,2021,2024,To be updated
Sokoto,LGA 23,Placeholder_Chairman_Sokoto_23,,2021,2024,To be updated
Taraba,LGA 1,Placeholder_Chairman_Taraba_1,,2021,2024,To be updated
Taraba,LGA 2,Placeholder_Chairman_Taraba_2,,2021,2024,To be updated
Taraba,LGA 3,Placeholder_Chairman_Taraba_3,,2021,2024,To be updated
Taraba,LGA 4,Placeholder_Chairman_Taraba_4,,2021,2024,To be updated
Taraba,LGA 5,Placeholder_Chairman_Taraba_5,,2021,2024,To be updated
Taraba,LGA 6,Placeholder_Chairman_Taraba_6,,2021,2024,To be updated
Taraba,LGA 7,Placeholder_Chairman_Taraba_7,,2021,2024,To be updated
Taraba,LGA 8,Placeholder_Chairman_Taraba_8,,2021,2024,To be updated
Taraba,LGA 9,Placeholder_Chairman_Taraba_9,,2021,2024,To be updated
Taraba,LGA 10,Placeholder_Chairman_Taraba_10,,2021,2024,To be updated
Taraba,LGA 11,Placeholder_Chairman_Taraba_11,,2021,2024,To be updated
Taraba,LGA 12,Placeholder_Chairman_Taraba_12,,2021,2024,To be updated
Taraba,LGA 13,Placeholder_Chairman_Taraba_13,,2021,2024,To be updated
Taraba,LGA 14,Placeholder_Chairman_Taraba_14,,2021,2024,To be updated
Taraba,LGA 15,Placeholder_Chairman_Taraba_15,,2021,2024,To be updated
Taraba,LGA 16,Placeholder_Chairman_Taraba_16,,2021,2024,To be updated
Yobe,LGA 1,Placeholder_Chairman_Yobe_1,,2021,2024,To be updated
Yobe,LGA 2,Placeholder_Chairman_Yobe_2,,2021,2024,To be updated
Yobe,LGA 3,Placeholder_Chairman_Yobe_3,,2021,2024,To be updated
Yobe,LGA 4,Placeholder_Chairman_Yobe_4,,2021,2024,To be updated
Yobe,LGA 5,Placeholder_Chairman_Yobe_5,,2021,2024,To be updated
Yobe,LGA 6,Placeholder_Chairman_Yobe_6,,2021,2024,To be updated
Yobe,LGA 7,Placeholder_Chairman_Yobe_7,,2021,2024,To be updated
Yobe,LGA 8,Placeholder_Chairman_Yobe_8,,2021,2024,To be updated
Yobe,LGA 9,Placeholder_Chairman_Yobe_9,,2021,2024,To be updated
Yobe,LGA 10,Placeholder_Chairman_Yobe_10,,2021,2024,To be updated
Yobe,LGA 11,Placeholder_Chairman_Yobe_11,,2021,2024,To be updated
Yobe,LGA 12,Placeholder_Chairman_Yobe_12,,2021,2024,To be updated
Yobe,LGA 13,Placeholder_Chairman_Yobe_13,,2021,2024,To be updated
Yobe,LGA 14,Placeholder_Chairman_Yobe_14,,2021,2024,To be updated
Yobe,LGA 15,Placeholder_Chairman_Yobe_15,,2021,2024,To be updated
Yobe,LGA 16,Placeholder_Chairman_Yobe_16,,2021,2024,To be updated
Yobe,LGA 17,Placeholder_Chairman_Yobe_17,,2021,2024,To be updated
Zamfara,LGA 1,Placeholder_Chairman_Zamfara_1,,2021,2024,To be updated
Zamfara,LGA 2,Placeholder_Chairman_Zamfara_2,,2021,2024,To be updated
Zamfara,LGA 3,Placeholder_Chairman_Zamfara_3,,2021,2024,To be updated
Zamfara,LGA 4,Placeholder_Chairman_Zamfara_4,,2021,2024,To be updated
Zamfara,LGA 5,Placeholder_Chairman_Zamfara_5,,2021,2024,To be updated
Zamfara,LGA 6,Placeholder_Chairman_Zamfara_6,,2021,2024,To be updated
Zamfara,LGA 7,Placeholder_Chairman_Zamfara_7,,2021,2024,To be updated
Zamfara,LGA 8,Placeholder_Chairman_Zamfara_8,,2021,2024,To be updated
Zamfara,LGA 9,Placeholder_Chairman_Zamfara_9,,2021,2024,To be updated
Zamfara,LGA 10,Placeholder_Chairman_Zamfara_10,,2021,2024,To be updated
Zamfara,LGA 11,Placeholder_Chairman_Zamfara_11,,2021,2024,To be updated
Zamfara,LGA 12,Placeholder_Chairman_Zamfara_12,,2021,2024,To be updated
Zamfara,LGA 13,Placeholder_Chairman_Zamfara_13,,2021,2024,To be updated
Zamfara,LGA 14,Placeholder_Chairman_Zamfara_14,,2021,2024,To be updated
FCT,LGA 1,Placeholder_Chairman_FCT_1,,2021,2024,To be updated
FCT,LGA 2,Placeholder_Chairman_FCT_2,,2021,2024,To be updated
FCT,LGA 3,Placeholder_Chairman_FCT_3,,2021,2024,To be updated
FCT,LGA 4,Placeholder_Chairman_FCT_4,,2021,2024,To be updated
FCT,LGA 5,Placeholder_Chairman_FCT_5,,2021,2024,To be updated
FCT,LGA 6,Placeholder_Chairman_FCT_6,,2021,2024,To be updated